insert into TPP_COMPANY values (1,'Company 1');
insert into TPP_COMPANY values (2,'Company 2');
insert into TPP_COMPANY values (3,'Company 3');

INSERT INTO TPP_USER_COMPANY values (1,1);
INSERT INTO TPP_USER_COMPANY values (1,2);

SET DATEFORMAT dmy;

INSERT INTO TPP_STATUS (
ID_COMPANY, ID_SPOOL, ID_DATE_IN, ID_DOC_TYPE, ID_STATUS_DOC, ID_TOTAL_AMOUNT_PAGES,ID_TOTAL_AMOUNT_ENVELOP, ID_TOTAL_AMOUNT_BANNER,ID_TOTAL_AMOUNT_BW, ID_TOTAL_AMOUNT_COLOR,ID_TOTAL_COVER_SHEET,ID_TOTAL_SHEETS, ID_TOTAL_ADRES_ADD,ID_TOTAL_NONADRES_ADD,ID_TOTAL_ELE_DOC,ID_TOTAL_SLIP, ID_TOTAL_POST_FEE,ID_RDI_LINK, ID_NOTE
) VALUES (1, 1000, '11-01-2014 12:00:00', 2, 2, 0,0,0,0,0,0,0,0,0,0,0,21.50, 'rdi\rdi1.rdi','Poznámka 1')

INSERT INTO TPP_STATUS (
ID_COMPANY, ID_SPOOL, ID_DATE_IN, ID_DOC_TYPE, ID_STATUS_DOC, ID_TOTAL_AMOUNT_PAGES,ID_TOTAL_AMOUNT_ENVELOP, ID_TOTAL_AMOUNT_BANNER,ID_TOTAL_AMOUNT_BW, ID_TOTAL_AMOUNT_COLOR,ID_TOTAL_COVER_SHEET,ID_TOTAL_SHEETS, ID_TOTAL_ADRES_ADD,ID_TOTAL_NONADRES_ADD,ID_TOTAL_ELE_DOC,ID_TOTAL_SLIP, ID_TOTAL_POST_FEE, ID_RDI_LINK
) VALUES (2, 1001, '11-01-2014 12:01:00', 2, 2, 0,0,0,0,0,0,0,0,0,0,0,21.50,'rdi\rdi1.rdi')

INSERT INTO TPP_STATUS (
ID_COMPANY, ID_SPOOL, ID_DATE_IN, ID_DOC_TYPE, ID_STATUS_DOC, ID_TOTAL_AMOUNT_PAGES,ID_TOTAL_AMOUNT_ENVELOP, ID_TOTAL_AMOUNT_BANNER,ID_TOTAL_AMOUNT_BW, ID_TOTAL_AMOUNT_COLOR,ID_TOTAL_COVER_SHEET,ID_TOTAL_SHEETS, ID_TOTAL_ADRES_ADD,ID_TOTAL_NONADRES_ADD,ID_TOTAL_ELE_DOC,ID_TOTAL_SLIP, ID_TOTAL_POST_FEE, ID_RDI_LINK
) VALUES (1, 1002, '11-01-2014 12:02:00', 1, 2, 0,0,0,0,0,0,0,0,0,0,0,21.50,'rdi\rdi3.rdi')

/* spool 1000 */
INSERT INTO TPP_DOCUMENT(
[ID_COMPANY],[ID_SPOOL],[DOC_ID_SPOOL_ENVELOP],[DOC_ID_CUSTOMMER],[DOC_CUST_NAME],[DOC_CUST_ADR],[DOC_CUST_COUNTRY],[DOC_CUST_DOC_ID],[ID_DOC_TYPE]
,[DOC_PAGES],[ID_DATE_IN],[DOC_PROC_DATE],[DOC_PRINT_DATE],[DOC_OUT_DATE],[ID_OPERATOR],[DOC_DIST_CHANNEL],[DOC_CUSTEMAIL],[DOC_ARCHI_LINK],
[DOC_REPRINT],[DOC_NOTE],[BANNER_ID_1_TYPE],[BANNER_ID_1_AMOUNT],[BANNER_ID_2_TYPE],[BANNER_ID_2_AMOUNT],[BANNER_ID_3_TYPE],[BANNER_ID_3_AMOUNT],[DOC_PRICE])
VALUES(
1,1000,1,1,'cust1','cust1 adresa','cz','ZF123',1,10,'11-01-2014 12:00:00','11-01-2014 13:00:00','11-01-2014 14:00:00','11-01-2014 15:00:00'
,1,1,'cust1@email.com','..\..\doc1.pdf',1,'note 1',1,2, 1, 1, null, null, 5.50)

INSERT INTO TPP_DOCUMENT(
[ID_COMPANY],[ID_SPOOL],[DOC_ID_SPOOL_ENVELOP],[DOC_ID_CUSTOMMER],[DOC_CUST_NAME],[DOC_CUST_ADR],[DOC_CUST_COUNTRY],[DOC_CUST_DOC_ID],[ID_DOC_TYPE]
,[DOC_PAGES],[ID_DATE_IN],[DOC_PROC_DATE],[DOC_PRINT_DATE],[DOC_OUT_DATE],[ID_OPERATOR],[DOC_DIST_CHANNEL],[DOC_CUSTEMAIL],[DOC_ARCHI_LINK],
[DOC_REPRINT],[DOC_NOTE],[BANNER_ID_1_TYPE],[BANNER_ID_1_AMOUNT],[BANNER_ID_2_TYPE],[BANNER_ID_2_AMOUNT],[BANNER_ID_3_TYPE],[BANNER_ID_3_AMOUNT],[DOC_PRICE])
VALUES(
1,1000,1,1,'cust1','cust1 adresa','cz','ZF123',1,10,'11-01-2014 12:00:00','11-01-2014 13:00:00','11-01-2014 14:00:00','11-01-2014 15:00:00'
,1,1,'cust1@email.com','..\..\doc1.pdf',1,'note 1',null,null, 1, 2, 2, 1,12.80)

INSERT INTO TPP_DOCUMENT(
[ID_COMPANY],[ID_SPOOL],[DOC_ID_SPOOL_ENVELOP],[DOC_ID_CUSTOMMER],[DOC_CUST_NAME],[DOC_CUST_ADR],[DOC_CUST_COUNTRY],[DOC_CUST_DOC_ID],[ID_DOC_TYPE]
,[DOC_PAGES],[ID_DATE_IN],[DOC_PROC_DATE],[DOC_PRINT_DATE],[DOC_OUT_DATE],[ID_OPERATOR],[DOC_DIST_CHANNEL],[DOC_CUSTEMAIL],[DOC_ARCHI_LINK],
[DOC_REPRINT],[DOC_NOTE],[BANNER_ID_1_TYPE],[BANNER_ID_1_AMOUNT],[BANNER_ID_2_TYPE],[BANNER_ID_2_AMOUNT],[BANNER_ID_3_TYPE],[BANNER_ID_3_AMOUNT],[DOC_PRICE])
VALUES(
1,1000,1,1,'cust1','cust1 adresa','cz','ZF123',1,10,'11-01-2014 12:00:00','11-01-2014 13:00:00','11-01-2014 14:00:00','11-01-2014 15:00:00'
,1,1,'cust1@email.com','..\..\doc1.pdf',1,'note 1',null,null, null, null, 3, 1,11.20)

INSERT INTO TPP_DOCUMENT(
[ID_COMPANY],[ID_SPOOL],[DOC_ID_SPOOL_ENVELOP],[DOC_ID_CUSTOMMER],[DOC_CUST_NAME],[DOC_CUST_ADR],[DOC_CUST_COUNTRY],[DOC_CUST_DOC_ID],[ID_DOC_TYPE]
,[DOC_PAGES],[ID_DATE_IN],[DOC_PROC_DATE],[DOC_PRINT_DATE],[DOC_OUT_DATE],[ID_OPERATOR],[DOC_DIST_CHANNEL],[DOC_CUSTEMAIL],[DOC_ARCHI_LINK],
[DOC_REPRINT],[DOC_NOTE],[BANNER_ID_1_TYPE],[BANNER_ID_1_AMOUNT],[BANNER_ID_2_TYPE],[BANNER_ID_2_AMOUNT],[BANNER_ID_3_TYPE],[BANNER_ID_3_AMOUNT],[DOC_PRICE])
VALUES(
1,1000,1,1,'cust1','cust1 adresa','cz','ZF123',1,10,'11-01-2014 12:00:00','11-01-2014 13:00:00','11-01-2014 14:00:00','11-01-2014 15:00:00'
,1,1,'cust1@email.com','..\..\doc1.pdf',1,'note 1', 1,1, 2, 2, 3, 3,4.50)

INSERT INTO TPP_DOCUMENT(
[ID_COMPANY],[ID_SPOOL],[DOC_ID_SPOOL_ENVELOP],[DOC_ID_CUSTOMMER],[DOC_CUST_NAME],[DOC_CUST_ADR],[DOC_CUST_COUNTRY],[DOC_CUST_DOC_ID],[ID_DOC_TYPE]
,[DOC_PAGES],[ID_DATE_IN],[DOC_PROC_DATE],[DOC_PRINT_DATE],[DOC_OUT_DATE],[ID_OPERATOR],[DOC_DIST_CHANNEL],[DOC_CUSTEMAIL],[DOC_ARCHI_LINK],
[DOC_REPRINT],[DOC_NOTE],[BANNER_ID_1_TYPE],[BANNER_ID_1_AMOUNT],[BANNER_ID_2_TYPE],[BANNER_ID_2_AMOUNT],[BANNER_ID_3_TYPE],[BANNER_ID_3_AMOUNT],[DOC_PRICE])
VALUES(
1,1000,1,1,'cust1','cust1 adresa','cz','ZF123',1,10,'11-01-2014 12:00:00','11-01-2014 13:00:00','11-01-2014 14:00:00','11-01-2014 15:00:00'
,1,1,'cust1@email.com','..\..\doc1.pdf',1,'note 1',null,null, null, null, null, null,28.60)

/* spool 1001 */
INSERT INTO TPP_DOCUMENT(
[ID_COMPANY],[ID_SPOOL],[DOC_ID_SPOOL_ENVELOP],[DOC_ID_CUSTOMMER],[DOC_CUST_NAME],[DOC_CUST_ADR],[DOC_CUST_COUNTRY],[DOC_CUST_DOC_ID],[ID_DOC_TYPE]
,[DOC_PAGES],[ID_DATE_IN],[DOC_PROC_DATE],[DOC_PRINT_DATE],[DOC_OUT_DATE],[ID_OPERATOR],[DOC_DIST_CHANNEL],[DOC_CUSTEMAIL],[DOC_ARCHI_LINK],
[DOC_REPRINT],[DOC_NOTE],[BANNER_ID_1_TYPE],[BANNER_ID_1_AMOUNT],[BANNER_ID_2_TYPE],[BANNER_ID_2_AMOUNT],[BANNER_ID_3_TYPE],[BANNER_ID_3_AMOUNT],[DOC_PRICE])
VALUES(
2,1001,1,1,'cust1','cust1 adresa','cz','ZF123',1,10,'11-01-2014 12:00:00','11-01-2014 13:00:00','11-01-2014 14:00:00','11-01-2014 15:00:00'
,1,1,'cust1@email.com','..\..\doc1.pdf',1,'note 1',1,4, 1, 2, null, null,35.00)

INSERT INTO TPP_DOCUMENT(
[ID_COMPANY],[ID_SPOOL],[DOC_ID_SPOOL_ENVELOP],[DOC_ID_CUSTOMMER],[DOC_CUST_NAME],[DOC_CUST_ADR],[DOC_CUST_COUNTRY],[DOC_CUST_DOC_ID],[ID_DOC_TYPE]
,[DOC_PAGES],[ID_DATE_IN],[DOC_PROC_DATE],[DOC_PRINT_DATE],[DOC_OUT_DATE],[ID_OPERATOR],[DOC_DIST_CHANNEL],[DOC_CUSTEMAIL],[DOC_ARCHI_LINK],
[DOC_REPRINT],[DOC_NOTE],[BANNER_ID_1_TYPE],[BANNER_ID_1_AMOUNT],[BANNER_ID_2_TYPE],[BANNER_ID_2_AMOUNT],[BANNER_ID_3_TYPE],[BANNER_ID_3_AMOUNT],[DOC_PRICE])
VALUES(
2,1001,1,1,'cust1','cust1 adresa','cz','ZF123',1,10,'11-01-2014 12:00:00','11-01-2014 13:00:00','11-01-2014 14:00:00','11-01-2014 15:00:00'
,1,1,'cust1@email.com','..\..\doc1.pdf',1,'note 1',null,null, 1, 4, 2, 2,14.50)

INSERT INTO TPP_DOCUMENT(
[ID_COMPANY],[ID_SPOOL],[DOC_ID_SPOOL_ENVELOP],[DOC_ID_CUSTOMMER],[DOC_CUST_NAME],[DOC_CUST_ADR],[DOC_CUST_COUNTRY],[DOC_CUST_DOC_ID],[ID_DOC_TYPE]
,[DOC_PAGES],[ID_DATE_IN],[DOC_PROC_DATE],[DOC_PRINT_DATE],[DOC_OUT_DATE],[ID_OPERATOR],[DOC_DIST_CHANNEL],[DOC_CUSTEMAIL],[DOC_ARCHI_LINK],
[DOC_REPRINT],[DOC_NOTE],[BANNER_ID_1_TYPE],[BANNER_ID_1_AMOUNT],[BANNER_ID_2_TYPE],[BANNER_ID_2_AMOUNT],[BANNER_ID_3_TYPE],[BANNER_ID_3_AMOUNT],[DOC_PRICE])
VALUES(
2,1001,1,1,'cust1','cust1 adresa','cz','ZF123',1,10,'11-01-2014 12:00:00','11-01-2014 13:00:00','11-01-2014 14:00:00','11-01-2014 15:00:00'
,3,1,'cust1@email.com','..\..\doc1.pdf',1,'note 1',null,null, null, null, 3, 2,5.00)

INSERT INTO TPP_DOCUMENT(
[ID_COMPANY],[ID_SPOOL],[DOC_ID_SPOOL_ENVELOP],[DOC_ID_CUSTOMMER],[DOC_CUST_NAME],[DOC_CUST_ADR],[DOC_CUST_COUNTRY],[DOC_CUST_DOC_ID],[ID_DOC_TYPE]
,[DOC_PAGES],[ID_DATE_IN],[DOC_PROC_DATE],[DOC_PRINT_DATE],[DOC_OUT_DATE],[ID_OPERATOR],[DOC_DIST_CHANNEL],[DOC_CUSTEMAIL],[DOC_ARCHI_LINK],
[DOC_REPRINT],[DOC_NOTE],[BANNER_ID_1_TYPE],[BANNER_ID_1_AMOUNT],[BANNER_ID_2_TYPE],[BANNER_ID_2_AMOUNT],[BANNER_ID_3_TYPE],[BANNER_ID_3_AMOUNT],[DOC_PRICE])
VALUES(
2,1001,1,1,'cust1','cust1 adresa','cz','ZF123',1,10,'11-01-2014 12:00:00','11-01-2014 13:00:00','11-01-2014 14:00:00','11-01-2014 15:00:00'
,4,1,'cust1@email.com','..\..\doc1.pdf',1,'note 1',1,2, 2, 4, 3, 6,4)

INSERT INTO TPP_DOCUMENT(
[ID_COMPANY],[ID_SPOOL],[DOC_ID_SPOOL_ENVELOP],[DOC_ID_CUSTOMMER],[DOC_CUST_NAME],[DOC_CUST_ADR],[DOC_CUST_COUNTRY],[DOC_CUST_DOC_ID],[ID_DOC_TYPE]
,[DOC_PAGES],[ID_DATE_IN],[DOC_PROC_DATE],[DOC_PRINT_DATE],[DOC_OUT_DATE],[ID_OPERATOR],[DOC_DIST_CHANNEL],[DOC_CUSTEMAIL],[DOC_ARCHI_LINK],
[DOC_REPRINT],[DOC_NOTE],[BANNER_ID_1_TYPE],[BANNER_ID_1_AMOUNT],[BANNER_ID_2_TYPE],[BANNER_ID_2_AMOUNT],[BANNER_ID_3_TYPE],[BANNER_ID_3_AMOUNT],[DOC_PRICE])
VALUES(
2,1001,1,1,'cust1','cust1 adresa','cz','ZF123',1,10,'11-01-2014 12:00:00','11-01-2014 13:00:00','11-01-2014 14:00:00','11-01-2014 15:00:00'
,4,1,'cust1@email.com','..\..\doc1.pdf',1,'note 1',null,null, null, null, null, null,9.50)
/*
DECLARE @count INT, @count_s VARCHAR(10) 
SET @count = 2 
WHILE (@count < 50) 
BEGIN 
SET @count_s = CAST(@count AS VARCHAR(10)) 
INSERT INTO TPP_DOCUMENT(
[ID_COMPANY],[ID_SPOOL],[DOC_ID_SPOOL_ENVELOP],[DOC_ID_CUSTOMMER],[DOC_CUST_NAME],[DOC_CUST_ADR],[DOC_CUST_COUNTRY],[DOC_CUST_DOC_ID],[ID_DOC_TYPE]
,[DOC_PAGES],[ID_DATE_IN],[DOC_PROC_DATE],[DOC_PRINT_DATE],[DOC_OUT_DATE],[ID_OPERATOR],[DOC_DIST_CHANNEL],[DOC_CUSTEMAIL],[DOC_ARCHI_LINK],[DOC_REPRINT],[DOC_NOTE],[BANNER_ID_1_TYPE],[BANNER_ID_1_AMOUNT],[BANNER_ID_2_TYPE],[BANNER_ID_2_AMOUNT],[BANNER_ID_3_TYPE],[BANNER_ID_3_AMOUNT])
VALUES(
1,1000,1,1,('cust' + @count_s),('adresa' + @count_s),'cz',('ZF' + @count_s),1,10,'11-01-2014 12:00:00','11-01-2014 13:00:00','11-01-2014 14:00:00','11-01-2014 15:00:00'
,1,1,'cust'+@count_s + '@email.com','..\..\doc1.pdf',1,'note 1',1, @count*2, 3, @count*3, null, null)
SET @count = (@count + 1) 
END 

DECLARE @count INT, @count_s VARCHAR(10) 
SET @count = 2 
WHILE (@count < 20) 
BEGIN 
SET @count_s = CAST(@count AS VARCHAR(10)) 
INSERT INTO TPP_DOCUMENT(
[ID_COMPANY],[ID_SPOOL],[DOC_ID_SPOOL_ENVELOP],[DOC_ID_CUSTOMMER],[DOC_CUST_NAME],[DOC_CUST_ADR],[DOC_CUST_COUNTRY],[DOC_CUST_DOC_ID],[ID_DOC_TYPE]
,[DOC_PAGES],[ID_DATE_IN],[DOC_PROC_DATE],[DOC_PRINT_DATE],[DOC_OUT_DATE],[ID_OPERATOR],[DOC_DIST_CHANNEL],[DOC_CUSTEMAIL],[DOC_ARCHI_LINK],[DOC_REPRINT],[DOC_NOTE],[BANNER_ID_1_TYPE],[BANNER_ID_1_AMOUNT],[BANNER_ID_2_TYPE],[BANNER_ID_2_AMOUNT],[BANNER_ID_3_TYPE],[BANNER_ID_3_AMOUNT])
VALUES(
2,1001,1,1,('cust' + @count_s),('adresa' + @count_s),'cz',('ZF' + @count_s),1,10,'11-01-2014 12:00:00','11-01-2014 13:00:00','11-01-2014 14:00:00','11-01-2014 15:00:00'
,1,1,'cust'+@count_s + '@email.com','..\..\doc1.pdf',1,'note 1',1, @count*2, 3, @count, 2, 2)
SET @count = (@count + 1) 
END 


SET @count = 1 
WHILE (@count < 50) 
BEGIN 
SET @count_s = CAST(@count AS VARCHAR(10)) 
INSERT INTO TPP_DOCUMENT(
[ID_COMPANY],[ID_SPOOL],[DOC_ID_SPOOL_ENVELOP],[DOC_ID_CUSTOMMER],[DOC_CUST_NAME],[DOC_CUST_ADR],[DOC_CUST_COUNTRY],[DOC_CUST_DOC_ID],[ID_DOC_TYPE]
,[DOC_PAGES],[ID_DATE_IN],[DOC_PROC_DATE],[DOC_PRINT_DATE],[DOC_OUT_DATE],[ID_OPERATOR],[DOC_DIST_CHANNEL],[DOC_CUSTEMAIL],[DOC_ARCHI_LINK],[DOC_REPRINT],[DOC_NOTE],[BANNER_ID_1_TYPE],[BANNER_ID_1_AMOUNT],[BANNER_ID_2_TYPE],[BANNER_ID_2_AMOUNT],[BANNER_ID_3_TYPE],[BANNER_ID_3_AMOUNT])
VALUES(
1,1002,1,1,('cust' + @count_s),('adresa' + @count_s),'cz',@count,2,10,'11-01-2014 12:00:00','11-01-2014 13:00:00','11-01-2014 14:00:00','11-01-2014 15:00:00'
,1,1,'cust'+@count_s + '@email.com','..\..\doc1.pdf',1,'note 1',null, null, 2, @count*3, 1, 1)
SET @count = (@count + 1) 
END 
*/

update [tpp_document] SET [ID_OPERATOR]= 2, [DOC_DIST_CHANNEL]=2  WHERE id between 10 and 30
update [tpp_document] SET [ID_DATE_IN]='14/01/14'  WHERE id between 7 and 15
update [tpp_document] SET [ID_DOC_TYPE]=2  WHERE id between 15 and 25
update [tpp_document] SET [ID_DOC_TYPE]=3  WHERE id between 26 and 40
update [tpp_document] SET [ID_DOC_TYPE]=4  WHERE id between 41 and 50
