insert into Spolecnost (ID, Nazev) values (19, 'PQJUMY5GDVNKUIN7Q 6JFWXM48I3PK8USFUY9FAKODQW9IVJB7TT3JJG0WDIXW8KXVA8JDH KT2I4I8C2GWYEE4GXQVKQGQCNODGDG3XIYMNVE6FNY60MXJC1KR5GI6XRL4UFXHKBOW QR7M1YYBSAOPQDDP5Y41FI1 3R1 11 MQVUIH 0QP7G3RBI SE2B0H9WLK740BF0LMOPJNPG 4SW1OI6 0L96QD0YLEVVTE3XJ9P1RX316OGVXAW7PC');

insert into Spolecnost (ID, Nazev) values (8, 'MXS1KPXBQQ5L5UY5RP46JYQEJPOYDTG1O0 WW31YDOLNJJ9QRK1F58WM1571T4EQ1E93DM 9K67DH7MQ9B21EBKO73PH7CE2 OCQXPU7LVIG1Y3HQVROO8VCY112KO2L52NYG UD23ON46SP1UBXAB4YL8OJTM2CKP5VOGET0 HSNH0TERLII5TBVQRQR BXQEJPBA14VGGOET9LJV44ELJSYB3G4TVGIT6PW2HFI9P60F4HH52H0T3BDM4MKGX');

insert into Spolecnost (ID, Nazev) values (18, 'M6D23YJLF5U053QDEPF9D98FA30 4LKTLF9U5USDBHHTK4KYS5B5M2LMOHMGVO222BFT7W7 SJ88BIYYM26W13VX BEYU54BCDO MADS4UX0GK8MG65AH1DS7Q3K1A7F5HJXR499387KXI0DAK5TUGNQYD70H94DU BY1F2110EYTG7PQRXJ3UJH96 P93U89J50W49XTVQX6E0EWO 85I6XSJJPFTQDRBWNT2LVSW4T4AUAEMJB TX3NAOQ49D');

insert into Spolecnost (ID, Nazev) values (0, '7AU95BY50WMDQSYGEGDPWOWJ7JM14I9OC80NEWF8LLXXAC5WXQ0BN8UXJO52WQIRJK6A 52G0T44W0IF6H3Y1RPDNTWWR2L4OU482NAPW3Y1J0LOPGL21CBE77AK1Q0FW2Y8L2G5 HJJVKWI3 VTD6KTYN5RP 6QER9W10V84IF981Q17UN5FE4QYIQ1F5GAJ30JM8OQECJMKPEQ G4U67MH9NOQHL0PWNJC6FYM0K9VJX39JOUEBWLR6F0XVN0');

insert into Spolecnost (ID, Nazev) values (5, 'S5KN66BO7BDAXF4VN5XU56OIH6U8I6QIP5LJSSRR1TFTM5OQ486G6PWNVTB54NBFVXWRMUI 18 FGC1LBFXHBKUBFVU37ATLYN8CYSG2ACS2S8Q8 F5592XNX8XP0MQTXLXOTRGM9554QQ8EA5F1G5IQGYO3IVMQ3AQL1JF4LTVD6F3NMNT62E1HBBNPI01XYC198JB1BMB0TKWKM5XY34 T5M GKJKVBKPBRV3OP0CN2 8KB0X9C6SIWGAN0NT');

insert into Spolecnost (ID, Nazev) values (11, 'XBV5TT9RA9MEA67RYWRH8D708OHR0 9HFBEA5B5D U8FB6H40X2SLIE7L0J5MEU6I EM71K TKPWKVN1V6SKCVOX3NON0YMOC9A47G9ORS7T9U69LQX4XDJT5K0244EQVDNCSVKLO7WQ1F9I4YL88O8I25UO94O32U6C1DJWBR7PXSPLCJ57H9LO1XPC70LKOFRQESVSDOOCDV D0C0XDD517T5F1MY0I8HLRSVIDI0S7C8NTNTSY02BMY1TDJ8');

insert into Spolecnost (ID, Nazev) values (9, 'A5KIMEQK9U02PPP8CDWCPQ05B7S8Y44JA537  VLD6AW9I9GC4VI5L WST0VTOJM YQ2EL6A4ONM7O YNINF2S9FM5N8VTRXBWOS5RELXITLTQSJ7SJB03 LNX N6OGJBAD50D343TNBVH8K186L1J4SRPJR8U67Y8L69RJ72LCFOAQ57WFTOOD5WX796C7BBUDYRKWQARFP3SG RUIO3F9F1Y3 LKKWI21TX01A86N4I3DGS0U2W30143L1O94');

insert into Spolecnost (ID, Nazev) values (14, 'QMS76LJM6FJ1STP6MH7809EP37KEK2PJ3UTPO9428CJXYIJG5 6MPWJ69BEHX G62DUR2V3O2MNY2JWGFHKDF1 20KM3M6K8BCGS8X7DWTE PEJ9F7 2QGQRB15RBWGP536I9HL1KK36L5KRSGTI9G4FWXSAT0YCLUFYE2U6MJ1 MDILWIGXSVW25D8R2SANAYHE0TX68FD6U5C6OO7PB09E1K5L953 IPMENB55AY7RH4DPSB7LXURYAS2EMGH');

insert into Spolecnost (ID, Nazev) values (17, 'F8I T0QD17VH VFD7HTKIXQE15AE5MOUU3RJRYRQJ8 4HJTIEQMASRNKQODH1T82VCWAPHNT432X26HCU558 Y30YHDLK04F0WE39R3M1B KXL7UWYW9WB2 AUNWI3WMGDQOH3FLC0NPFS8EO2D0NP527QLEY4LO7 FQL0FHVYYTBVFS1246O7DAXRO58BT41M2S43GJ7KUBK756O7Q7M0C1F5AYY2OTJV8DW5EDQX9KF7881BTLGI95HWYM1VT');

insert into Spolecnost (ID, Nazev) values (1, '41WJT15N0NU9RGG5VEY NE7RVNI7UOHEOOMNGV54WVOU3HSTLQBWL0T2TA9L8BO6NCJ9G4HCV5H2KM2P5U8AM24V1I0O8QIDJQT2YQH95  359FTRC9VRO6H08B2AX4R9CATWVSGFOL Q11Q3KIFY73OJ3DFQ8TN5EGA933YQ9AX0YDI6NTQ496TXL2GQ83W YGBU6ACKNR4P7XQGKNL TXQTYVTGTJTUT4PD7ESRGESECEJR 6X92XTB80AX4Y');

insert into Spolecnost (ID, Nazev) values (4, 'CBLVCGHOXL256K4OLBD4KIIY V78L2LAXCNU5OPEYSQOKKNS3U1 G8W PEH3LPXNIB5S1GQ5LEEBAQ9VSE1UJUA1 5FP2N69K 06 5RK2XU1PAMAXF6GSM1FBV6UXIKJ5J 200BF6ALF5AMIAT288SRIQNP 1UO1SJK6274S9R R3SI66V38WGCUU O8C5DIL 2XAS7Q4441XOQ3H9G7VOY5QSMCRTRT79HERSWK5FWS5T28L24H9C2B2FSQC28');

insert into Spolecnost (ID, Nazev) values (15, 'YP7Q8K1TQ98XA9YJODUS68AFB0L9H24I6U EUVCTUWHQFTOIPBG0XWB2E9FWC03ITS7X9WE3N0IISCKLQE923H09V2I9O8YJCAXH4TT12419KH2MC3Y1O8XL76QSJVM3FNK0SW2F689SMTJTAHNSDEL 3WINN1W WMXC9EM98YPOJ28MG4X G9AIB2JTCYJBPL9X5NRTKCC9GVDRW3P0X6DNT111NS4G F85S0QNQ2JO8  9S1B3EHY3RPLU7S7');

insert into Spolecnost (ID, Nazev) values (6, '21IW25TNMG83VC52EJ5J97K5UFH4ID972AROKSGKWKJ5I 6JRM3J78UY56B264GHPBNFB1FFU38C2YU58Q4UJ3S9LOQ7N3RAGX6HQS52661NUP0MWP GK2VV NPQNKHS4YVG2N49U59HUCLK8J RD1KIHYT8KJ20QISGBTWO5IPMXOGIXBWIXMHRFP4RNKW NTIY890VMVPBO5LVXE4YT 57J28QUXHII85WFH2B1156GUW J8JMK168RGBXYK9');

insert into Spolecnost (ID, Nazev) values (12, 'F7BDI8PPFKYG8HHG2AEJKEB86CD0MJ0REWPBKRRJHIQJWNIA90P26A0YASHJEXJL04BR4X89NLLV1Q FMT1MA3 2QXNMD919SJ3WRF9M1R HV8K 33I83DQAJTUJYF1F498ICQPBO7HV3EP3JIBD8GEDOV93 3QQBK1X8406HFT4PDDXQ0W6RJT50O5MRR UM1YY6KD 89UT8 AOCUS83JHEB81YXNBG4JN BYJLPQM3IURKYJON34I0AOHIKSW');

insert into Spolecnost (ID, Nazev) values (2, 'CV9VW7T1UI8DLTETT1UF41TOUIJA75 K9TML5SLXP6CFIUT4R V2UJVFUGLDHLTR SCWOEE0160ALO3YP4 RIOCVYIVVC5ONEJF00V6PUUGM1U0BYLSUFY2S51QYAJP1BQ5D4CO34G3AO63SYK9TC7NJF7S3EVUDOX3KMFDXV5P7T2NO30JBLRH7W4XS7NTRDK29J2KL7 CKA6TXSW541ARKKUCSUT2YD26CJOC46 CMGMG4J1V72VEXJ9HYYNX');

insert into Spolecnost (ID, Nazev) values (16, 'DOPWWR2IAX09T8Y8HU4OOL26D093BQWG3BMV2VGPDLU S34MY8U T1QLL4J61UQFVBY263ECHC6PAYFT2AQC0E6YW1S2HJNJ2RPRS6 M8GNV8DNV1M9NV76BC1IC3LM5RSRFJDMH 4P5OCXJSTR34GTLLD7VLA0GMIYY8I4QPMTMUFSESKH4OQODXC8SQHKE04 DUXPV2A9J5Q9T9JNHK6N4B8VJIIHRXUH2HH27DHBH4VOX0IB5 D31GGAS19A');

insert into Spolecnost (ID, Nazev) values (3, '23X QGK9VKI29F1TNK6GGBIS3KDKLK6 LSLX974OP9UK2 WUO3CYY2AV2MEP7K7YF06NVBL9ERVRARNEIDVNIXXWH7 M5LT0HF E3K07CY2IMW2GDWJ7AP6WQLM3AE2CD9FCPTV8TFYK1SFECR98OEC6VOTUQWGJJJVJR59FTG1LSUK17RYAE59LU14HV43N7TQYKTP93XV6FQSMLCKQF8899X3JEBK1CEIHT5EN8D3RR90RWL1Y057UM6DG9T1');

insert into Spolecnost (ID, Nazev) values (7, 'LR6NVCQXVK09RWCMG98F5QHJB6CJKP67H0QPUE7IM8P2G83J5NPPGF083WMC2937EEB7YEFU26Y61ER9PS1 Y5MP MVE6PCTC3SQQ4F5N10CLCSSD6 DKBG08XLIW6YBSYQWLMC9DAM96CQMR4WY5LQOF5XE7 3HLPADT5HFJ7CQNUCVYPSXIYTRNHQV T2N SDUNBBJUUALUNG3ERDHAM9WBSGQ0KBOOFHY71IWIY9NIU6G0Y T24S6AT8VXHG');

insert into Spolecnost (ID, Nazev) values (13, 'XPORIIFSH17PSARNK1OL7B79BS1V6C0AEKC39IX5NEXSWO28N64WYG PGJQRJR QH60W01ANEYA9X5NHFH97CRU9DJY2XKEV6S1CKVGJ8G9IU1O04IWFQGDABAIIB2MX 3L8TMR854INNMOOI3K9IMI91O1HPG9D09M0OWQBPILGD2DFYMJY2BGTW X36V8ORQSR058I0LR91FTFAQ FWEPRQWC2SCOMEGNAURDNOS35SOC UKRAFR12XI8RMT2');

insert into Spolecnost (ID, Nazev) values (10, '2KRF 5 KTUWFUPPIHKPIR63GTFCC8U26 ED7XX1H564EPYB8KV0QTO2BANA75MV MMEUV8042X2EPQ7N0RVMXH88WJO4V5WU9HGX65VP UROL9Y8OP06D8029O85FNOAFPFVXTLSN5M4OR2PPRL80JR03226GEO7SNOVSCX5SOHJXJ 2AG5CD1SI99QTAPAQ43 U4XLWGRLG0V0LSXPUMG8BVE5IVVQCEFILYS9FPAM774DUSSKWNI6F23OHV88');

insert into Davka (ID, Spolecnost_ID, Cislo, Pocet_stran, Pocet_dokumentu, Prijato, Odeslano, Kryci_listy, Slozenky, Typ_davky, Postovne, Obalek) values (2, 0, 15, 5, 12, '554-3-22 2:17:1', '1635-1-15 7:34:26', 5, 17, 'I5J8MISJWAHLA UH5OA4J4P53AL62F8XKB0KYAA68BLL9BL4V ', 13, 7);

insert into Davka (ID, Spolecnost_ID, Cislo, Pocet_stran, Pocet_dokumentu, Prijato, Odeslano, Kryci_listy, Slozenky, Typ_davky, Postovne, Obalek) values (19, 14, 11, 15, 17, '138-5-10 0:19:13', '625-12-24 2:51:28', 19, 18, 'R NJBGEH 43 6KBJT9V2EC1X44HJVROV62W JVJU35P2SL24AO', 6, 19);

insert into Davka (ID, Spolecnost_ID, Cislo, Pocet_stran, Pocet_dokumentu, Prijato, Odeslano, Kryci_listy, Slozenky, Typ_davky, Postovne, Obalek) values (0, 4, 19, 10, 18, '209-5-14 0:53:45', '1266-3-15 5:42:11', 2, 15, 'NBVXTT461NV6HQLEF96A3OALCJN8FK9JC7KRDV6BSBR0K3NH5V', 18, 6);

insert into Davka (ID, Spolecnost_ID, Cislo, Pocet_stran, Pocet_dokumentu, Prijato, Odeslano, Kryci_listy, Slozenky, Typ_davky, Postovne, Obalek) values (6, 1, 10, 16, 7, '839-8-26 3:57:49', '1848-4-1 8:30:27', 16, 0, '2F2FF1AXKL9G2YQHALQ5FBCWSVENF4SW00NPWMIE7RRMNJGOW0', 5, 17);

insert into Davka (ID, Spolecnost_ID, Cislo, Pocet_stran, Pocet_dokumentu, Prijato, Odeslano, Kryci_listy, Slozenky, Typ_davky, Postovne, Obalek) values (13, 18, 5, 1, 10, '990-3-16 4:59:31', '237-8-29 1:23:8', 6, 12, 'BUJJ5E68TBLKU6YLABMTVSDMAYF8UUCLPAOLDG9IV2EHK5TPT7', 15, 10);

insert into Davka (ID, Spolecnost_ID, Cislo, Pocet_stran, Pocet_dokumentu, Prijato, Odeslano, Kryci_listy, Slozenky, Typ_davky, Postovne, Obalek) values (8, 4, 9, 7, 15, '1427-5-21 7:45:3', '1-1-1 0:0:0', 11, 5, '1HXJV1MMDC3SIQT0KN0EBYX3JY0VIP9E6Y1UIQRSYQ4XEUUPH4', 3, 2);

insert into Davka (ID, Spolecnost_ID, Cislo, Pocet_stran, Pocet_dokumentu, Prijato, Odeslano, Kryci_listy, Slozenky, Typ_davky, Postovne, Obalek) values (12, 15, 6, 2, 9, '1548-8-20 8:8:51', '1982-6-9 9:5:6', 17, 14, 'IRMJ3MP1 TSHDSD8731K6BKRYT0TMB2S7QIY4HPFNJ2M9O3JEW', 19, 16);

insert into Davka (ID, Spolecnost_ID, Cislo, Pocet_stran, Pocet_dokumentu, Prijato, Odeslano, Kryci_listy, Slozenky, Typ_davky, Postovne, Obalek) values (3, 17, 13, 18, 19, '1611-1-27 8:42:40', '492-4-8 2:13:26', 10, 13, 'RR7IJ6M8AWW8 KLYS2LD3SMH87E0K37QK8XNFQAB6UAOKLQGKU', 2, 4);

insert into Davka (ID, Spolecnost_ID, Cislo, Pocet_stran, Pocet_dokumentu, Prijato, Odeslano, Kryci_listy, Slozenky, Typ_davky, Postovne, Obalek) values (16, 11, 16, 8, 11, '927-5-31 4:34:10', '125-7-18 0:43:21', 15, 7, 'WMBARAS1KR7 L0IYVKVQ9KPY8PXNIXW5KO7FR58VU2WPBQQQPC', 9, 1);

insert into Davka (ID, Spolecnost_ID, Cislo, Pocet_stran, Pocet_dokumentu, Prijato, Odeslano, Kryci_listy, Slozenky, Typ_davky, Postovne, Obalek) values (14, 4, 12, 0, 16, '737-4-24 3:26:30', '369-6-22 1:56:15', 1, 2, '0YK VDCIR IS0SI586103CJ447VMFBH4MH3CR7OFA55 1GWRDT', 17, 11);

insert into Davka (ID, Spolecnost_ID, Cislo, Pocet_stran, Pocet_dokumentu, Prijato, Odeslano, Kryci_listy, Slozenky, Typ_davky, Postovne, Obalek) values (1, 19, 18, 13, 1, '432-4-29 1:51:3', '1175-12-10 5:20:59', 9, 16, 'VEX 8FURL0TEJ8VVE0EHFY97M88Q6G448JCAUJK3IW2GE7J2X2', 11, 0);

insert into Davka (ID, Spolecnost_ID, Cislo, Pocet_stran, Pocet_dokumentu, Prijato, Odeslano, Kryci_listy, Slozenky, Typ_davky, Postovne, Obalek) values (15, 11, 17, 14, 4, '1701-9-23 9:25:16', '901-5-2 3:30:18', 18, 3, 'Y24QXKXWU52AI9WC KJ6BDJ H0 OYGV5JSMM32RW34JI3SIAI4', 0, 8);

insert into Davka (ID, Spolecnost_ID, Cislo, Pocet_stran, Pocet_dokumentu, Prijato, Odeslano, Kryci_listy, Slozenky, Typ_davky, Postovne, Obalek) values (7, 1, 1, 4, 2, '681-6-30 2:55:55', '1457-6-1 6:18:54', 8, 4, 'R8O3AJDFEFXS5PCEYK4YPYCYYI NCLL39RR87K0Y3GT7JOLHKO', 4, 13);

insert into Davka (ID, Spolecnost_ID, Cislo, Pocet_stran, Pocet_dokumentu, Prijato, Odeslano, Kryci_listy, Slozenky, Typ_davky, Postovne, Obalek) values (18, 14, 14, 19, 14, '1-1-1 0:0:0', '771-2-6 3:10:48', 3, 10, 'VU3BXWTSS7L3 L2 73HPTRSVIBKRHK1AQTY 7202OA5AFLF96H', 14, 5);

insert into Davka (ID, Spolecnost_ID, Cislo, Pocet_stran, Pocet_dokumentu, Prijato, Odeslano, Kryci_listy, Slozenky, Typ_davky, Postovne, Obalek) values (4, 0, 7, 12, 0, '619-8-9 2:39:15', '998-12-23 4:12:29', 13, 19, '384YFXG3I9C4DSNB7JLHN8B1QBO X3CIU3DJC3KWI7FHQT27I9', 10, 14);

insert into Davka (ID, Spolecnost_ID, Cislo, Pocet_stran, Pocet_dokumentu, Prijato, Odeslano, Kryci_listy, Slozenky, Typ_davky, Postovne, Obalek) values (11, 12, 8, 3, 13, '1341-3-26 7:19:36', '1578-12-11 6:50:42', 0, 1, 'I458 1S0LJH5XR9V1E2YDJD72VN2 RB3GU8ADBLT006AQ8OUJC', 7, 15);

insert into Davka (ID, Spolecnost_ID, Cislo, Pocet_stran, Pocet_dokumentu, Prijato, Odeslano, Kryci_listy, Slozenky, Typ_davky, Postovne, Obalek) values (5, 0, 0, 17, 6, '1100-7-6 5:33:43', '1341-1-14 6:1:42', 12, 9, 'F7V8TJNHWIXOTMVDUOR97VTYFH198WG3JSLK87LCJ6Y 12CE8X', 8, 18);

insert into Davka (ID, Spolecnost_ID, Cislo, Pocet_stran, Pocet_dokumentu, Prijato, Odeslano, Kryci_listy, Slozenky, Typ_davky, Postovne, Obalek) values (9, 17, 2, 11, 3, '1285-11-3 6:54:53', '1079-1-3 4:55:34', 14, 8, '0OFYXX VNORMA8TRMJUR9GXAO8RBEH MGRVI8CSRXN 9NAXCMM', 1, 12);

insert into Davka (ID, Spolecnost_ID, Cislo, Pocet_stran, Pocet_dokumentu, Prijato, Odeslano, Kryci_listy, Slozenky, Typ_davky, Postovne, Obalek) values (10, 0, 3, 9, 8, '1156-1-28 6:14:43', '1783-10-12 8:5:46', 7, 6, 'NH6OO869JYM3VLY6XLSI4LQRCN4QTVNKFBSSOJ3EQ6ON1RWXQ ', 12, 3);

insert into Davka (ID, Spolecnost_ID, Cislo, Pocet_stran, Pocet_dokumentu, Prijato, Odeslano, Kryci_listy, Slozenky, Typ_davky, Postovne, Obalek) values (17, 12, 4, 6, 5, '358-5-15 1:32:8', '1635-1-15 7:34:26', 4, 11, 'JOJ I13CBVRWGOQTMH4WNCGU6DT89GA3J UP7W7KYY936IW88D', 16, 9);

insert into Dokument (ID, Davka_ID, Cislo, Variabilni_symbol, Stat, Adresa, Bankovni_ucet, Pocet_stran, Pocet_listu, Cesta_k_dokumentu) values (1, 5, 3, 7, 'G X7LKP0RPCX2HU 4S39 UHMBJ8KR0I92OMVD2DT3SOPRRU9C ', 'T2HJ4CWUGMS4Y9C3OLSBXEORAUE0GELK02IDIP8XWQJ4A1FEGC715O0KFKIGS98S1TN 8AIF9O7AA9WN NF7VA21RRMHNKAL6SOBMADOSWMEY625U6LKYV5LCNG61M6T6V401SR59AFTA2J903LL90UTQSIA0JOFCEBCWUVH14 NC 9K3U6EQ4YF1628MEUJK2C8OC7HX2HM6 DR7DUQCNL9U760X7YH6 4BT4H4DAV3X CQ01U12T7EANPD2TN', 'TAH5BDU1BIGVTJOCLM8B', 10, 16, '70NQ6SOUYAKAPSNRFO0XAP9VQM773NA7JKLG20V9FRAJNDW8YA7S1HLG61L 8H8337DGJ83SAC3HROAFN4EM GY7CQ643KEOLUGRS3LV87MHA8FTEVQANBJSF5UEPXT10 L6NAHE14WL4MS65TOJ8QF6WBSAUOGLDL1ALKUDQBESTHUJ4P7SKIOKAPP4T 50X9EGUPM8HMYPJFU7LUMC4D6GDFNXPYO831RT7GPKJDTT650Q13P626QO031L5SQ');

insert into Dokument (ID, Davka_ID, Cislo, Variabilni_symbol, Stat, Adresa, Bankovni_ucet, Pocet_stran, Pocet_listu, Cesta_k_dokumentu) values (3, 9, 1, 15, '7KYFYYDRFVL21HQN1L7GX2NFGO9N9PL4BUG4SW8EP42O6 AP11', 'N4QBTTXSI88V4PUXHMI8EXUH14R9O71TPT6CM8DFWYU1EOA47SYWH TCHH4AXIJKD7PGBM10PKEN92Y98RYFRBQ284RYU8YELU1O3MDGJJNSQ3FW39D781H6 D38PLS0EQDRUSQW3XQCF15XDLNFLAXIJ  VJUFF2F7B3UDTBA6WQ5HHXMH379Q4VBNF C7WY2JO1GGX7QWYLTP PP3W45KF38P6CFD1L8Q0ID390W9NMB05UO0E 6X1H499KF0', 'SY5CY7GIAXE5Q2N0D2EH', 3, 11, 'IFJIA4OVCFEOD8DI22TJ66Q299STRJQVCLVJMQ8RRR3LEVTCAIVQVYXUKA67SU2KJGQ28U  B9F2QX8GW9Q7OGNL8GGWYP0952ARGWV1RXSYWWHPKGDCQIUR5AC06HX6KKAPA TC5S7LBWCTCB8W0IHOKG41935KFB DMVT5V56N4PPGG9D27JKNWRIUP61JMS5M0YWPGCS88UG6HUCEUD3RX7VRV123EM4QVA34V KVECIHAT9X6D66PW1IUKM');

insert into Dokument (ID, Davka_ID, Cislo, Variabilni_symbol, Stat, Adresa, Bankovni_ucet, Pocet_stran, Pocet_listu, Cesta_k_dokumentu) values (11, 3, 5, 3, 'IUD3Q3LG0 OSWJIWAUI9UYPLJ2I5TS17F0P4VEH07BSTGRIY 7', 'PP3K60B822Y1044G L09V3OAXIXQJ9S8 5B8XO2S VLDS1L3REO6GGVYAQ40NQXWAW6BQDHKV50UK 7Q0U3LYQ56MXOC2WBXD5ESTHE9TP1EM7F9KOCP36U5P05E0CG25793A7OG9IWF3LSCLSY39SDXN1JBG9UXXKK1W98PXQFQWQTLF8 SO45FQ7HI7M356VOSA41ESN HOV3KR827CHMLLX3WTXR6SVG0UW0W3RHBXU8OL6C61RB66Q0TNEG', 'MQTY41MNKICKVV0UA3VE', 16, 18, '57MRFDNHFARNG30VPY0O0ALUSJ5D7JE7KSQGSHD6J4JNBM8H5XISG0R9J1ETEKRA1933BYIAB6CS7 4E0WG9H09K729RYFJG8WX5X9R1GFDR92EMDS8BOO1YGSH8ABC8OBOLXQHKN6YR0GGA8WBP36UMWN O49C8VEYX2GN4G1KLELBHHQEO5I0U2ET5L2F33CG6FAY AVWJSMPDY382OFHVD198A95HOL3YLUPGKSQGXJY4D3V6WFX14UN 59N');

insert into Dokument (ID, Davka_ID, Cislo, Variabilni_symbol, Stat, Adresa, Bankovni_ucet, Pocet_stran, Pocet_listu, Cesta_k_dokumentu) values (13, 12, 12, 5, 'MPD4N063QBP0 IYBXBV31SXV82SHHNXEOTBR6IUBHMNMDTRT5P', 'EUKBQRA8EEMA6T8U95KHXAKQUMAEXUXV3P07DXQO3K0EIF7NKX3O3H3E8FG D9 NH1HLR39F NV84JLAQQKOPP9YSC81NNSJMTFG5SML12AU9QYKTP0Q9VLY DSAQF6AK7DC8A6A4HHRIDF5S5LOJOB23UE2WVMN7S2C0OYO UV1YLTXHQLTVK9 BCL7W19GDBE0YTM BEYB0BLNQDG VSYETRY2WPWJSUFH BKEONHPI9X85BUMNDK2M9AKFI1', 'H1U4C1A9V WB4J2KKJR ', 1, 2, '3SWXBHLVUJA0O034XD3DWHWNNJDK2J6TLH74YGP3HD0W2MRU1GR2NGVM4RHOL9W4TQW3Y97NT60N4OWGQ21CBB9GUUCUBH5PIHHB31TH7YHPQNLXBJ4UDVOE8PB3ESEFIGVGJD575K2MF9OX45IBUFNER74KM7XPMF6E38G23UJ66RUPH20N8MB1Y4QL94SORYT300X KH18KPI9TBNWLLPKB3EO4BQ5ULIO5HEJ44YWO5V6KVTBITMVEQOFJ1G');

insert into Dokument (ID, Davka_ID, Cislo, Variabilni_symbol, Stat, Adresa, Bankovni_ucet, Pocet_stran, Pocet_listu, Cesta_k_dokumentu) values (12, 5, 13, 14, 'V4SKXGPNPJ626C94EVLK9UJ6J15DD9F88KQKTMXNBWVMOK01NM', 'R2QBFCMR6KEAVQXKJD0IMO4WQN8J4GSQ1SMF1PWUMDQF CKYHV9DGUMH8RFSPBQTBDF916651E 0TE88023K3G9GDOU9TU9NJ5CIN96MSUTGMCQ438WA167K03RFF53DPFU0NUFW9T5564Q1SL8YE4BA2KRT6VRPVCOOE8AATB6TSYL14904OUEPGJM43XJ02YVPP6VOYAE8CKGW59EI17VN4EJASSGEDASD Q0O4KJB71CY JW 4K1H3FVAG7E', 'X4DKEN2K9RMYDY2V9Q0B', 15, 15, 'ITQ7GUUKWC9YD3IYQ6M3A45MHSGCMFWAWMQ8WYOW0SD1  KIT4CEA2X1N5OK85XE1AS2LX0MD4QFB M41XQX2HU073OODPKRCT3LCP8R71MM0C83M6D5F50GPBOCAHN3UCNV1R64C76GXSILFFRSFAY1AJRJDKEWBWEBR319ADG 1JUH1ABW5OL9TJWG8FHH2O9MR9HJ7AFMIG5GNFBTYLACR13ML5 X6SYPFCI5XRXYNUN 4H12BWQCAV3UBCC');

insert into Dokument (ID, Davka_ID, Cislo, Variabilni_symbol, Stat, Adresa, Bankovni_ucet, Pocet_stran, Pocet_listu, Cesta_k_dokumentu) values (6, 13, 8, 0, 'M5WLL0MUVT4 YRNMEHXHP YRC539IUEBMJ  G1ERM712T22QV9', 'KY5 33IFJTUO8AVY8SX7K2N ACUCDRE0VYEDIHDJ6LT5810TGO5EFLKJTYOWTW NBJP3D5PL40 JPFR8 XUPYYWAF0 S5M0JLWNLKL7LMOTR9 TASPMSKWLN7MNJ27UN1CSM8S3BI7OYNRBUKBWG Q TTXH CHCQM4H6JDVDD9ULRAUIL01VYATRN477YQRB1J3JVFI2DKHELO9RW5CHIWB7PEFJ1VQPKXT9TJFKCSNEFL S23Y0PH0OM QPVAB', 'LW84705 CHYV5EWQAMHD', 17, 13, '1AF5SCWLYWMSYWJ1BX7LKVY337VM4G3GISUGF54LPAPNTX CGABYHCNX5XXDV84KQNACEQMPVUW32G2380L48QG7XMYUPYKCWJ07S4MMP15MFG868KTXI4A8J1UGJ55Y0REBYIUFA DMY HUT4U4DRNU MLMKI5TS9QXI6KKGEKF0ACT5GJC21L7YF7K9UBVTPF3ENKYSPR87TU850S55JNUY7OFD4 FFCWVTJ5TP  5G2LJJWI1H XT8C3CYG0');

insert into Dokument (ID, Davka_ID, Cislo, Variabilni_symbol, Stat, Adresa, Bankovni_ucet, Pocet_stran, Pocet_listu, Cesta_k_dokumentu) values (5, 19, 7, 13, 'FVSLADXYXBHR8EDJL6X2PNY0 59TPFQF9A1689HOC8NX0JB8H0', '05PS81VCSRQDVK6PJE70EUGWIS5ILWWY4E73JE5HGT6HFJ4NUUXGXCSDS584GP6IPMXMNWLF BXTW1OC70O87UX7CCJSR1495QA97PW5OPT2GWKR04 300XMVNGPBU8WQATQ86E2L5RVG34BA4BSHSB7S2CX65MGEK1QXQW0IDNPNR5Q0L8Y086 B6NFN6SH0FIUW2Q51UF017 9TPC19K5CF8U2FBXU2GTIWXS5MO23UVIG6D7J85B5X6DMC4O', 'N59 V8SMSEGMNRTX0W4G', 14, 12, '7O4K59O6WCYB7WRNPTVOD580HXXJ8B6QAGMWSH01AP0UB0TP18EAGMC2MUN4 2Q38H3GIJNNGI6QDJ7XAWIBFJHSIMV1F2PI 6GPYRUHDA441I4 KLYVEV1DPNLF7IU UR99NP0GAB8917X5E 40EVGK84JIYT4 L8QP3CS4 OIBV836SG1VA3FNJ10K6QJJEEQOLSUIJ9MM0G9D26FJXBRFF40UA8D8RVSTHI47IOVEU1AJY5N90OE86X6OLN ');

insert into Dokument (ID, Davka_ID, Cislo, Variabilni_symbol, Stat, Adresa, Bankovni_ucet, Pocet_stran, Pocet_listu, Cesta_k_dokumentu) values (0, 8, 11, 18, 'UUJL14MMIL3E4R3UAG0 FFG5PDWIA8BX3 BRISBFSW1JPJFBF0', 'UYVK429G0DKL8ME6DB5GS5HEMCKTSM866SHGYS7O68X0J7IWD87T JALE1MO6QJ6 GV48P0XIYVE2Q66AREXB6DMI4AK9F1WRO6B2S28722VQJG CH8KT6QQEI23GQU5FX9RF8Y3YUWKHBLW5RVGGWJSXV5W3XB7CFL99KFKSCEL 1  SP4F3 31ENFNDNXW89BLCKDA7F97 X5UN9HAJCUFF5D3ERAM969MGBSC2RSK0HTLM51WF8F93C7X9F6', '1GNDGUKETBWI1U955K44', 4, 6, '5OY3TU8N9VE71MD21O2O75HJXERTECJXXJSHGU0MDWKBUJ6STTH8MWGEX5QVCNQWP3BHEE3FOF8G8PHO8AQNROHG5WP0 KDR7J77IG2KVK3KN1I6AJUU VT92HBGO0UHLHYHLRTP7VS9HIUVFBQIKOXMN725YWWAOVUSG1GOEDKT9WAJOV1XVAMFGQ4OAWHGP5V90XEHREL2GX01MR71CQYQJ5IA7RVHI4WM6WDA4QQON6CFB1FHC09RGX1U90K');

insert into Dokument (ID, Davka_ID, Cislo, Variabilni_symbol, Stat, Adresa, Bankovni_ucet, Pocet_stran, Pocet_listu, Cesta_k_dokumentu) values (4, 11, 9, 19, '3DON0YG1C8QFF1K0MJJPC9E3LTPGJ6EBABN8N2PR2UM8 36EDD', '9XUV876WEMQ1 LIUWYVN5C4LJW2PXU1J88K9A5Q2OLJNQ349 AMPYTSBNQWEW0DHJJK7ROXSU16W3TL8JOJB989NMV7EPID9MLR3L7YQ6HDRHYN3VME82VWU 15I6 D8JLV3S BQHTQW7M6BQ0TWD BBQBN681W1V4FVE4PR1CIKQUDJG37C7NFLH7GHR4TCN5NUFR8XPSUOHJPKWLQBOWDFCN09RK81I2N31U5KU9NVWJ EFLD6UPMNY MV7QK', '2V8FGNK7IM 4G9SUUN2U', 8, 4, '0F ICVECBTMPSF71YC3PHE06VC 8Y24ETBC3J2QL3QLWCCG0 WQTYYGLNULFS8HIULATXS6O7BPLV37I0L8BJK3PQ5HT7EE8887MX3TDFGCTIAR1QP8KEQH   Q8R9187NY9K RUOOBC6O8G WQOG345FJXFLJJH6WR8MMWG0 VRD OSRH7I97GA6NYVK V6QHATE35VPWMF7X2F79HT RQNLL4R6C VLGL4 L915ILHJDA1NJV0IF8W4776JHO');

insert into Dokument (ID, Davka_ID, Cislo, Variabilni_symbol, Stat, Adresa, Bankovni_ucet, Pocet_stran, Pocet_listu, Cesta_k_dokumentu) values (18, 13, 15, 8, 'W LENH5GTJHI4SLXCHPO9B1JHEXKXHS0S2WUW9BRB922LRFGB3', '6NPAAA843DAJCKK72 LU WUYBHWCE4QHXO95TDR 4RT 1X9RX JNF03CLMK0KJPYNUBOPG3XEX67IM76BFO4UB34TMI8TLN9TWX1LRUDVE48 7TFVUSB94EUH9OG5CGW43I8VJI2L7TUACGMB804CMHF9TFS9YXPD8W I2I TWSM OE8J5T5D6P X4JAJLTRJOCU4N6GVL0XAWT LR7VC2BYGK6M HQFQAG41MQ1CXVV PRXPOIFWOI1  WC9V6', 'HGJLR160ORUH O2XMW R', 12, 0, 'BOF5Y1AV8VF9WT32IJ60CDW2UEUCXH6OK IU WFLXKQGB7Y43IK UOY9O7G3LGDM0QEWMK8WX45F9HU09BN9CBAQTGFDKKW199822P07BKUT03P9RWVRFQSC AQL0MRE93RDAM3RG1KQL4H9OC8QF28U6YUIV0V15V8D2ATT WKMTB4ADV7VI5HWOTU9UT87FHFXWBJGTMMCC4OLEXVCNEH12H8HGTW2VTOC6 PO5U18KK59P2TMIW4S6N45 DX');

insert into Dokument (ID, Davka_ID, Cislo, Variabilni_symbol, Stat, Adresa, Bankovni_ucet, Pocet_stran, Pocet_listu, Cesta_k_dokumentu) values (16, 3, 14, 1, 'BJ0BKR93 ITIB70XR6JK08 IW9TDB9K6G4TC62LXOOUPRYWTJQ', 'D8GAX8DBKX05ELXAB61GVBCE8RUPRP0NJI4C4BAX6GK06A97RLK8XJKYT93Y A8F55RGDITKAYT1PVLD3KGF65Q2B07GUNTTOWBV4TF1MLH99SQGG IYWGCJMS7F036YXNDBLRM53OV2U6L2AS08ABW4SINGXKOVYHXTSMWI0PT8BT2RA5Q26B D97LJSOSL3MMXGAUQWBM1952WED3L8P4VP3N4LPWY GJH8A1AK9613AMUYVXGYBY02J005JK', 'F7T1QTT56P353T5NXNM4', 0, 7, 'QI2SDY8QGHDQYMFOBFY5MMHCH474NHJE4NJ544O4KK50MG1AP2IHN8J6EB6DRT1F5WMP3DJCRGBVPVH79CQ0HE3MQFRLQM86M5YU85PYPH4O4CEJQ9TG80YQLGBY596T6JAKXNSJX9 G866HR620GMHLYMB71 HLHJKCUXYNVNHPPGSBVN1H2OPCRGGNUQJQ0UT86Q3YWUCHP1YALIB4GCD2STI2D8AI6IATIOR4AAIBRKXN8YRTDKR0SQGSV3F');

insert into Dokument (ID, Davka_ID, Cislo, Variabilni_symbol, Stat, Adresa, Bankovni_ucet, Pocet_stran, Pocet_listu, Cesta_k_dokumentu) values (10, 12, 18, 4, 'YEGI5LF6US8YP8TJNWR7IV8G324F9GAEMO5DO6RIR1A7U7WKFA', 'QIHDTEU3J4JWBXXPUGAPMKQ45L3AG R9NVF8M4UPSY8Q9RHC0REAJ249HTEP2FNKAK4V1BSI8PK4RB2NFX48 AC38JC0WM125AKKJNU9 C0302CO0EIJ8SWDEUVGFGHCL3X03LVO0245OCPKMTTPVXYT 25UHN720AHL0ECJAFMDU86H14GTXVC8TWIIBL1XKHR314FOK6DDYJGNYLYHWIIHO9EALLIMEICXBKWWMDH9WXV8WP1UKLLDADFMFOT', '8V579 N94U1V8EP587SH', 18, 3, '9ASD5R34T7Q CTGQS3EBW 5YCCMFQ J8AM9LVB40RQ6 77YY0CJ39WKMA04Q8RRN 9RO5YOXQVWV1O0XQ2EDB141686S9OKCR9GGOVH1IGJ6KEFKD97L1TY88C069KMJ2KPYNO 5WCVK YPHDUJBV1WTUM3O8PE6B19BTAGQS73U2B7X7K8CWVL3D697PS3U1F2VI7XW NM14U2TE7EIMYI173ISQWQRSEE4H69FH849YB4PHCGW5AT8RC7OWH3');

insert into Dokument (ID, Davka_ID, Cislo, Variabilni_symbol, Stat, Adresa, Bankovni_ucet, Pocet_stran, Pocet_listu, Cesta_k_dokumentu) values (15, 3, 4, 9, 'F0NASVMLPVH0YS 7TTXDWON10XLDYL6VJI515PL75SHY56JSIW', 'VJL2XEB843F2PXSFJE9JK8KET6ODE9LQGX4TL8SJ7HWJVQDSTUDHUJQCQV06200S7ETOV73L49RDHFM8EIC2EJ4J2QDXNY82WQO 727UTR59THBRMLULIQKRT44UMSGFGK 2O0UBA9L1MT  W8TKX OE 7VD1MLAQFBITLHTLWUM8PY6MFEM0LVJL5J0H CQPUI1QTFPQSW7IWBA835JL8BVQW9J3Q8K96OK02R1UV42SJ W72SB1 XTIGJRHAI', ' GDFQF 5F86VT1T9DOQE', 2, 5, 'V2ISN4E0S5BMTXY3U2I1R1AKXIS08BHQPI91BAKL009D6WBF3P45EISH2X8R N70FQ090DN6W2BWYBGC 2J1D6058JDPM2A0 D3TVC3PUBL2W4RVQU 6D8LWNWRA1AXPU4NF5NRWVV5XXR1T6PME7HKU7LW96KLR6OT 9BVARTYY5AIRUDHSX4FWF88N7N8MVUKQSU35T9UQS7U2UMKPM0YRJH2RGV6LDCU6FBGJ4EL97L0V19PSMEHVE L7E15');

insert into Dokument (ID, Davka_ID, Cislo, Variabilni_symbol, Stat, Adresa, Bankovni_ucet, Pocet_stran, Pocet_listu, Cesta_k_dokumentu) values (7, 15, 19, 2, 'TNKONM335I3PWRUYQAX94NBPP9CEV LXSYA8YJKW7R4NN4AMKO', '7FO82U6BJ112M03L913D1BEHE3M4RTA9P9KURUBPKG3OJLJM99S8 UDIAL6 OUXBTQWI B3D4BP2II6AIHPYKL7AV9PGVQQAX0QH8XKGWSHPHATL69CGC2LV5BT4UBNL25X97Y5 95YAJXJC580W4BQ6R0YU8U1DXBBOO9ON5OJVV0Y4Y2YRQX4T1MGRT6NNWOLTM5C28OIPXM09SGFP8 P8YINCMOO4 GF26HVGTH5D6D3WH4FTU5UM41O9P7O', 'NV3COE03Q V4800IPC9R', 11, 17, 'X2FVSY9MAQTJ1  E6QDUEJ0B92LW1VPT6QGQCX44XSD6SJ60D2AJVGTEN9V0CTBD4Y EHEMV015UEG33FV0TQ2XGI1A00B79IOIQRWMQ6L2V3IN1BQ9PYOOR7LK 5GCUD 00LKWFINO3S4T989AQC9EID8YEI0QF44 Y35CO7O N7EL MAWTEEISYF95SDC9AHHN84V W6K3U1 D9SE7HFDO5VSIBM9FUN4NOMDUEXGG H3I6XMPN9G1FCE69GI');

insert into Dokument (ID, Davka_ID, Cislo, Variabilni_symbol, Stat, Adresa, Bankovni_ucet, Pocet_stran, Pocet_listu, Cesta_k_dokumentu) values (2, 13, 6, 6, 'LLFMDG38S2HEMCUMCORFQQ0MNSHW32E79DQQRW6NGE1HJNHBU1', 'CUWB1MO80VHJQDGYYJT DXJ9YVJNIE6MLT8OQEMYJ 2RVBKS43C Y V514HJD2MX0WTXC3UUQGNQ92V6W0I7EPE2EGB9EDXCEOY9CHA606RBLS54JP5DUXU C6HLF064HH0UJGIOMRUASRP13B52QMI915JAKWXUNAEQ 3JEJGFA6HBQDMFURX8PCY0X827H4NIW1L TL53V8MCFY2Y3X5CHXUH12SNJVVU9ACXTADGKSXOPAQN5GQR9ANJ23DE', 'HJHH2SO5U3SR7OHP15TN', 9, 19, 'YWAYT DUMTSB5PR0DP XCTH8QJSH8NA9SYANJDS8LKSAWULSUFE9PNB6HKBX755LRRPEHX LYD41 1COO8S1QKQVXS770BQPLBOVTIOYT54S0P1SMAV7QV8VMVVBXGDT XKC3O9F56AAY0BC81MBGH2R0OXPOL34F7UJ9WR3V BS9XKN282D2947GD1HGOJWE 7SNBW4TDY4S8RXITGY3RVT8F65Q92GBEFW1W0ONG9MQFJIV565KBJAIJCVGUL');

insert into Dokument (ID, Davka_ID, Cislo, Variabilni_symbol, Stat, Adresa, Bankovni_ucet, Pocet_stran, Pocet_listu, Cesta_k_dokumentu) values (9, 8, 17, 11, 'AU70B237K0UXJBYW8I75 N694JHOR7MYS9UGFGNK0BA RTF89C', 'RQVUJOV2Q0C2P DPMHDJ9XBUYMYTCHD4E772FEVJAWYMM51DLJEOK5NL1YX04SG04O42KV73JTPTH074I4U439NGA3GTIUHUY8HEFVUY1ISDDGA0KSGYTMFGYM  MOFVCSVPEG XPE0 CQUJFULBKX64NWP7DPGU50GMUVW9VRVHACLS5BBD53BJE1GCMJV5LE4TXS3TANJN02GB739B7DEAO1O7744NF5D0S16 3UTC90GAHSSDCA4IBJJNQOU', '6IEQCFHKN 4TB8ES0R3E', 7, 8, '2DXG9KE4 2KA5SV6QDQRKS3YEDRR90LT5T9GQVDX9JEC4YMPY7HWDL NUSDRG4IY3PDNQW2PRJVVFQKOLCHH94PQGNYW7YD091JI90LHUE8HKYED3R6HHYP11RDUO2PJ4PCMR1UVTDXWJWIQXB82Q5B0ETRFOGUT7ILQ96H61MR2U95CJRMKB2HTHFILHHXRY6FPC0VCV6T0J3BGIQNH1I4765DKWYTY B7M0KA T2FZ7WSYEUTEAPRMECBKB17');

insert into Dokument (ID, Davka_ID, Cislo, Variabilni_symbol, Stat, Adresa, Bankovni_ucet, Pocet_stran, Pocet_listu, Cesta_k_dokumentu) values (14, 18, 2, 16, 'QE2TH6FWX97TCRL0RU7J990GK9EY7Y3KL2J2RBMPLGY3FF FF4', 'ONCDXHRXNT 4FOHSB8UWT0NCWK2SJUOT8RQYDXFB8FEMTS4TN5F9VMI3M3VVT0WYPOYM3 QEPB91F1V1YBK5XH7IE  XFMED3ODG DPFK8JU8RW3I8 LASF JNAOD I9YF3BUSLVUCX389PV3S75CM2XR1CKMBV3A23LMR 828YJGN0B1CL5I0C2GEKM9QCDP43G8RP8CXVLY1VJ5J8H8XQ5FF5LC94TAHKMM6VSARS9UDMVTK1RY4 4270U TN', '6MQ8MUCAVY1L1JGOQEF5', 19, 1, 'KTGNPY8QDA37B L5DRJY6WAU55DL2KBJJ20OB9WXFR31LIFPY985P99IJFGQP3U2DDCK NQHPSR5H 5MJI7S3D2P6AQM9V S9FNUDAFPFWM0U3VTN8MJMNJ66RABLBKJ3X59CWYPJP9CN33YH4LDP4YE7Y08UHUVCKTYVSTFJS162RRIVW6GXBXQN0U08WF555OA4RVJNS9UGE6Q9E8C BJ6K3GN5NBJDGLVE3DIPF5X7T4OVELTRO9MLELC4B0');

insert into Dokument (ID, Davka_ID, Cislo, Variabilni_symbol, Stat, Adresa, Bankovni_ucet, Pocet_stran, Pocet_listu, Cesta_k_dokumentu) values (19, 8, 16, 12, 'YHO9R41VCEKE3EEO S5JF1HGME2LCNIFLWF9ITD3 6OIL  YMS', 'BPGSISAWX1KIB7KUQYWM98D54A9XGB9PW5TT8QAHTBJO28EFR0IHULCKEKIE2ICAP9OHIJALSABPK3JINYPU3KIUEV9P1ROP4BLFQA8GEPWRH MLE99O7REVPP8 FBTKM2I2X22M9VQV565C0 AT3UCU02K1TF9OVURJT1LW7KMQKYJTRPET8FL59LRJLEC8NG5UQDJD64TWDM290GJ1V9BKHDSWPJCNY8TPPAJFCF PVI0ABX2MS0M4V00CR7G', 'K8RTKQNCTHGAWXGTEW4V', 13, 14, 'XHBAO5OYJ8EUA1FP5GR XCJYP45TMW1B2LKHV0XQPFEE4N4HRHC21WKVU3KLAAHHEI4R RQ6S29PT1BFU21CSRXQ88 CEDU88NVLSCJ5EOQM49YWL SA3HELUSOBB9UKK5TEATD WDOX1MKNYOK84P60GR1RPCR AQVHWFQCFY 8TG6VM7DGC81TKRERH2DC0U325LNDXVH42EB54B73K3CDK28DU20Y2IJ80UQK4852L43GRF68SEWCIMXG86I');

insert into Dokument (ID, Davka_ID, Cislo, Variabilni_symbol, Stat, Adresa, Bankovni_ucet, Pocet_stran, Pocet_listu, Cesta_k_dokumentu) values (17, 9, 10, 10, 'LC F02EIKFTJRN6TS6TMG92XAIY4EAKDK2Q5K2VMM7BX575J3F', 'JCMWWODG9I2S11JQTLJ HC8QCX2CGP38NWY5FLYFS5KS9DRDY93YL9LYAWVF9YMPY ALXVIW649MR1QLOUL07K04XDJ33W 7P3GYJDVUSOO0CRHNNOC9462VGWI3WTF5YCBTP1ANPPAQ4FJ4BPQTC6RCWRC4Y7SBIHTQ22L2TTODJ50 WJ8MAQPY2TLPTQFY00V3NQ5BU6EG73GPCFAJJA0NHNVC957NTYG8QHU 6P2F5N23HBDD0CCQIHRFFEI', '3FY3RT17TT9349WRKF1T', 5, 10, 'IOH80MX2THTXGIJ48JJCUCF4WB0YVHB93S4BDGPBHB1TJ9NI7CFTTTMVJMIVDLN785IX486MANYTJIN0MTESY4MM8W 6KWDQS9A8 0KPCCB I8XS4CJEXD5B9C F01 V5GUEN35T81HFHOXLO4GWC25GE0S96V04YR6QM0IQV2K8CCCQQ4JJPWO3TO8AEK7IE3XFFP7PNO6KX4 Y44QKGWYS2WU5YKGM01FSD93KATRLX0TN3LPBVCEN32TK0NT');

insert into Dokument (ID, Davka_ID, Cislo, Variabilni_symbol, Stat, Adresa, Bankovni_ucet, Pocet_stran, Pocet_listu, Cesta_k_dokumentu) values (8, 12, 0, 17, 'VUGET9HOW8KY4LO3WQDXMDAJ 7OW44GKPDA9BIK4Y1IC B20 V', 'G43LDTY224YAMKBIDUR TVLVVA4Y7OMBTTUAORVR N3S90T 6S0QFMVB7Q54XO12JO8N6O7GKLY8I9Y7KEX6R 6X9IOYNE3RV80RUY 30I3CFERG M3X60PGY2M8F0CYIQJQJ8I9YRMWYTCJA3OM00Q7MQEQ52IOH9UR0I40GHEP 50RPBJXGJR1 H78LCIK8OL0X DYXNVKAC90YJ8LOIDB75TLKWCQOL6PV6078X6DIKPO3QVCO2EXUBQPN49', 'MQKTCAG9FNVPBUYE59N0', 6, 9, 'JO2N6S55Q 79I0GYNAXS38RI9A9 9NTIWTE8XS1G1AEELN3PDQ6WBM20TEGUYVBVW5 HFIYBY8OH2CTHQX7OD3DR0NBJHJSF7TLA3X65E56HAEXX8OPDPM3R0MBXNG2U1FSADY8JVUP1J2UQTB4XR1W5MARG9C9 7XWRRD 8DI G7IEU1HNX12RB42N79TUSXP1KRWI4HSEPOSMCX9BM2F OAST0ICIF3K3AW68A8N5CDVVE35VWFO3WIMV9 E7');

